,0,1
0,Sat Oct 05 15:00:34 +0000 2024,"Now you can see the streaming of Premodern Madrid League with 49 players here (in spanish):
https://t.co/4LaVlezSV1"
1,Sat Oct 05 15:00:34 +0000 2024,@FedeeValver Madrid will concede
2,Thu Sep 19 01:00:00 +0000 2024,"Celebrate Prof. Oscar Garcia-Prada's 60th birthday with a special issue of the International Journal of Mathematics! ğŸ‰ 

Read tributes and contributions from leading mathematicians for FREE, limited time only: https://t.co/rmmsKpgcgO

#Mathematics #OscarGarciaPrada"
3,Sat Oct 05 15:00:31 +0000 2024,@Steve_Labile Frero arretez de lui trouver une excuse brentfort c est pas non plus le real madrid
4,Sat Oct 05 15:00:30 +0000 2024,"âš½ï¸ğŸ’¥ Back Inter Milan, Real Madrid and Sporting Lisbon to all grab 3ï¸âƒ£ points this evening, with boosted odds of 2.00! 

ğŸ‘€ Bet on these top-tier teams now: https://t.co/qA72pTQ7Ab https://t.co/QjxmkjM5kQ"
5,Sat Oct 05 15:00:29 +0000 2024,"@Alvaro_varito Florentino cada vez pasa mÃ¡s fronteras, de la corrupciÃ³n arbitral,dinero pÃºblico para su estadio,encubrir a unos depravados que trafican pornografia infantil a creerse que por sus huevos puede joder a miles de familias, seguir dÃ¡ndole cuerda a este mafioso,seguirâ€¦"
6,Sat Oct 05 15:00:28 +0000 2024,@GxlDeMessi18 Penal para el real de Madrid
7,Tue Oct 01 13:01:57 +0000 2024,"Unlock your best self with fasting! ğŸ½ï¸ğŸ’ª Burn fat, boost energy, and feel amazing!"
8,Sat Oct 05 15:00:24 +0000 2024,"@madrid_total2 Como me encanta que sin estar en el Barcelona, con tan solo escuchar o leer su nombre estos retrasados mentales se cagan en los pantalones XD"
9,Sat Oct 05 15:00:22 +0000 2024,Hoy nos pita el Ã¡rbitro del Frente AtlÃ©tico. https://t.co/R9duGzMnUi
10,Sat Oct 05 15:00:22 +0000 2024,"EL PROXIMO JUEVES A LAS 17 HORAS ESTARA CON NOSOTROS JOSE MIGUEL VILLARROYA @jmvillarroya ,VUELVE AL CANAL PARA REPASAR EN ESTE PARON LA ACTUALIDAD DEL REAL MADRID https://t.co/itMViLLyuA"
11,Sat Oct 05 15:00:22 +0000 2024,"ğŸ“Š La Liga 2024/25 Standings! ğŸ†

1. FC Barcelona - 21 pts.
2. Real Madrid CF - 18 pts.
3. Villarreal CF - 17 pts.
4. Club AtlÃ©tico de Madrid - 16 pts.
5. Athletic Club - 14 pts.

Who will win LaLiga? ğŸ’ª Predict it below! â¬‡ï¸
ForÃ§a BarÃ§a ğŸ’™â¤ï¸ #Barca #ForÃ§aBarÃ§a #BarcaBot99"
12,Mon Sep 30 11:05:54 +0000 2024,"Aloita treenit kympillÃ¤! 1.-13.10.2024 liittyminen ja 1. treenikk 10 euroa (etusi 54,80 â‚¬)!"
13,Sat Oct 05 15:00:21 +0000 2024,"@Recort131 Zizou lo arreglaba eh, o eso o se iba por plata a algÃºn otro equipo (que honestamente lo dudo, tampoco le hubiesen pagado poco en el Madrid)"
14,Sat Oct 05 15:00:19 +0000 2024,"ğŸ‡ªğŸ‡¸Â La Liga Match DayÂ ğŸ”¥
âš½Â Villareal VS Real Madrid
ğŸ‘Â Bet on the match in #helabet
#mbpe #realmadrid #laliga https://t.co/cNpawcgOa0"
15,Sat Oct 05 15:00:19 +0000 2024,"@madrid_total2 Mi casağŸ¤

ğŸ“Mazatlan, Mexico"
16,Sat Oct 05 15:00:17 +0000 2024,@CCivicaCatalana Que se venga a Madrid. Dumping lingÃ¼Ã­stico.
17,Sat Oct 05 15:00:14 +0000 2024,"@garroyo25 @Angel_gaitan_of @navedelmisterio Algunos madrileÃ±os no se rinden

Contra las restricciones derivadas de la Ordenanza de Movilidad Sostenible del Ayuntamiento de @Madrid y #Madrid360 

https://t.co/FsCutTW9h8

https://t.co/X4dWqwsEAc

https://t.co/VaZhp2iNhC"
18,Sat Oct 05 15:00:14 +0000 2024,"@Jomuvaz @LukitaMD @Brunex_02 InfÃ³rmese un poco, no todo es el BernabÃ©u, si asÃ­ fuese serÃ­a el barrio mÃ¡s caro de Madrid y no lo esâ€¦"
19,Sat Oct 05 15:00:12 +0000 2024,@GxlDeMessi18 Penalti para el Real Madrid en el min 90 para ganar el juego.
20,Sat Oct 05 15:00:12 +0000 2024,"@abajofirmante75 @SrNaninho @Ramon_AlvarezMM Pero este tipo de cosas las decÃ­s porque sois deficientes mentales o por quÃ© simplemente os da morbo decir gilipolleces y atacar al Madrid?

Te das cuenta de que no tiene ninguna lÃ³gica lo que dices?"
21,Sat Oct 05 15:00:10 +0000 2024,"@Tex_Jonathan Garaâ€ Arnol bre
Otak dia udah di Madrid jadi mainnya makin dongo"
22,Sat Oct 05 15:00:09 +0000 2024,"@IDGoonerscom ya bener sih Arsenal ga bakal juara UCL taun ini, kan taun ini udah Madrid yg juara ğŸ˜©"
